{
  "mu": 0.4728285213293258,
  "sigma": 0.2172203117091981
}