{
  "mu": 0.4634382486556212,
  "sigma": 0.21614924393212764
}